id,name,slug,image,status,created_at,updated_at,module_id
4,test,test,2026-04-25-69ec981627c77.webp,1,2026-04-25 13:31:50,2026-04-25 13:31:50,2
5,جهينة,ghyn,2026-04-26-69ee5190e3bdd.webp,1,2026-04-26 20:55:29,2026-04-26 20:55:29,3
6,بيبسي,bybsy,2026-04-27-69ee7fe87a721.webp,1,2026-04-26 21:15:51,2026-04-27 00:13:12,3
7,كوكاكولا,kokakola,2026-04-26-69ee569f28b17.webp,1,2026-04-26 21:17:03,2026-04-26 21:17:03,3
8,لمار,lmar,2026-04-26-69ee56bf32846.webp,1,2026-04-26 21:17:35,2026-04-26 21:17:35,3
9,دومتي,domty,2026-04-26-69ee56e758b5b.webp,1,2026-04-26 21:18:15,2026-04-26 21:18:15,3
10,بيبسي دايت,bybsy-dayt,2026-04-27-69ee7fbde39c6.webp,1,2026-04-26 21:19:38,2026-04-27 00:12:30,3
11,سفن اب,sfn-ab,2026-04-27-69ee800e9ee4a.webp,1,2026-04-26 21:20:26,2026-04-27 00:13:50,3
12,شويبس,shoybs,2026-04-27-69ee8c1015131.webp,1,2026-04-26 21:22:00,2026-04-27 01:05:04,3
13,في سفن,fy-sfn,2026-04-26-69ee581441b72.webp,1,2026-04-26 21:23:16,2026-04-26 21:23:16,3
14,ريدبول,rydbol,2026-04-26-69ee7a62a25f7.webp,1,2026-04-26 23:49:38,2026-04-26 23:49:38,3
15,سبرايت,sbrayt,2026-04-26-69ee7ac8a4eed.webp,1,2026-04-26 23:51:20,2026-04-26 23:51:20,3
16,فري جو,fry-go,2026-04-26-69ee7b257ba51.webp,1,2026-04-26 23:52:53,2026-04-26 23:52:53,3
17,ماكسي,maksy,2026-04-26-69ee7b8812acc.webp,1,2026-04-26 23:54:32,2026-04-26 23:54:32,3
18,راني,rany,2026-04-26-69ee7be263148.webp,1,2026-04-26 23:56:02,2026-04-26 23:56:02,3
19,المراعي,almraaay,2026-04-26-69ee7c495bb09.webp,1,2026-04-26 23:57:45,2026-04-26 23:57:45,3
20,ميرندا,myrnda,2026-04-26-69ee7c9e910f9.webp,1,2026-04-26 23:59:10,2026-04-26 23:59:10,3
21,تانج,tang,2026-04-27-69ee7d22efb6e.webp,1,2026-04-27 00:01:23,2026-04-27 00:01:23,3
22,فانتا,fanta,2026-04-27-69ee7d4704353.webp,1,2026-04-27 00:01:59,2026-04-27 00:01:59,3
23,فيتراك,fytrak,2026-04-27-69ee7d9d18e88.webp,1,2026-04-27 00:03:25,2026-04-27 00:03:25,3
24,ستينج,styng,2026-04-27-69ee7de4d869c.webp,1,2026-04-27 00:04:37,2026-04-27 00:04:37,3
25,بيريل,byryl,2026-04-27-69ee7e2bdf1e0.webp,1,2026-04-27 00:05:48,2026-04-27 00:05:48,3
26,باور,baor,2026-04-27-69ee7ea731f01.webp,1,2026-04-27 00:07:51,2026-04-27 00:07:51,3
27,اصلان,aslan,2026-04-27-69ee7f30a868d.webp,1,2026-04-27 00:10:09,2026-04-27 00:10:09,3
28,سبيرو سباتيس,sbyro-sbatys,2026-04-27-69ee7f9c66a16.webp,1,2026-04-27 00:11:56,2026-04-27 00:11:56,3
29,ديوو,dyoo,2026-04-27-69ee809556310.webp,1,2026-04-27 00:16:05,2026-04-27 00:16:05,3
30,عمان,aaman,2026-04-27-69ee80e7576b2.webp,1,2026-04-27 00:17:27,2026-04-27 00:17:27,3
31,هيبرو,hybro,2026-04-27-69ee815871740.webp,1,2026-04-27 00:19:20,2026-04-27 00:19:20,3
32,فيوري,fyory,2026-04-27-69ee827dc539d.webp,1,2026-04-27 00:24:14,2026-04-27 00:24:14,3
33,توليدو,tolydo,2026-04-27-69ee82e9dc330.webp,1,2026-04-27 00:26:02,2026-04-27 00:26:02,3
34,فيروز,fyroz,2026-04-27-69ee8344b517e.webp,1,2026-04-27 00:27:33,2026-04-27 00:27:33,3
35,عبور لاند,aabor-land,2026-04-27-69ee8394ed54e.webp,1,2026-04-27 00:28:53,2026-04-27 00:28:53,3
36,حاج عرفة,hag-aarf,2026-04-27-69ee840067451.webp,1,2026-04-27 00:30:40,2026-04-27 00:30:40,3
37,كيري,kyry,2026-04-27-69ee86d5570d5.webp,1,2026-04-27 00:42:45,2026-04-27 00:42:45,3
38,فيرن,fyrn,2026-04-27-69ee870d2a691.webp,1,2026-04-27 00:43:41,2026-04-27 00:43:41,3
39,بخيره,bkhyrh,2026-04-27-69ee87690b47a.webp,1,2026-04-27 00:45:13,2026-04-27 00:45:13,3
40,باندا,banda,2026-04-27-69ee879e4e0f8.webp,1,2026-04-27 00:46:06,2026-04-27 00:46:06,3
41,نيدو,nydo,2026-04-27-69ee87c667b17.webp,1,2026-04-27 00:46:46,2026-04-27 00:46:46,3
42,مزارع دينا,mzaraa-dyna,2026-04-27-69ee8842cdc51.webp,1,2026-04-27 00:48:51,2026-04-27 00:48:51,3
43,ميرو,myro,2026-04-27-69ee88c22bddb.webp,1,2026-04-27 00:50:58,2026-04-27 00:50:58,3
44,لبنيتا,lbnyta,2026-04-27-69ee89148b019.webp,1,2026-04-27 00:52:20,2026-04-27 00:52:20,3
45,اكتيفيا,aktyfya,2026-04-27-69ee8960bb200.webp,1,2026-04-27 00:53:37,2026-04-27 00:53:37,3
46,لافاش كيري,lafash-kyry,2026-04-27-69ee89c481d29.webp,1,2026-04-27 00:55:16,2026-04-27 00:55:16,3
47,ديري,dyry,2026-04-27-69ee8a186f804.webp,1,2026-04-27 00:56:40,2026-04-27 00:56:40,3
48,جنة,gn,2026-04-27-69ee8aa40f039.webp,1,2026-04-27 00:59:00,2026-04-27 00:59:00,3
49,الواحة,aloah,2026-04-27-69ee8ae08979b.webp,1,2026-04-27 01:00:00,2026-04-27 01:00:00,3
50,رودس,rods,2026-04-27-69ee8bdad56fd.webp,1,2026-04-27 01:04:11,2026-04-27 01:04:11,3
51,لبنة,lbn,2026-04-27-69ee8cc8307d3.webp,1,2026-04-27 01:08:08,2026-04-27 01:08:08,3
52,جبنتي,gbnty,2026-04-27-69ee8cfe0c5b7.webp,1,2026-04-27 01:09:02,2026-04-27 01:09:02,3
53,ريتاج,rytag,2026-04-27-69ee8d2ccc28d.webp,1,2026-04-27 01:09:49,2026-04-27 01:09:49,3
54,كنور,knor,2026-04-27-69ee8d76d1e6b.webp,1,2026-04-27 01:11:03,2026-04-27 01:11:03,3
55,ماجي,magy,2026-04-27-69ee8d9838cc3.webp,1,2026-04-27 01:11:36,2026-04-27 01:11:36,3
56,الضحى,aldh,2026-04-27-69ee8ebf5d384.webp,1,2026-04-27 01:16:31,2026-04-27 01:16:31,3
57,شيفي,shyfy,2026-04-27-69ee8f3383e19.webp,1,2026-04-27 01:18:27,2026-04-27 01:18:27,3
58,باب الشام,bab-alsham,2026-04-27-69ee8f74bf140.webp,1,2026-04-27 01:19:33,2026-04-27 01:19:33,3
59,نور,nor,2026-04-27-69ee8fad72ccd.webp,1,2026-04-27 01:20:29,2026-04-27 01:20:29,3
60,الخير,alkhyr,2026-04-27-69ee90283deba.webp,1,2026-04-27 01:22:32,2026-04-27 01:22:32,3
61,تاج الملوك,tag-almlok,2026-04-27-69ee9088a0943.webp,1,2026-04-27 01:24:08,2026-04-27 01:24:08,3
62,كوكس,koks,2026-04-27-69ee91080d734.webp,1,2026-04-27 01:26:16,2026-04-27 01:26:16,3
63,سبايسي,sbaysy,2026-04-27-69ee916c7cabe.webp,1,2026-04-27 01:27:56,2026-04-27 01:27:56,3
64,تشانكي,tshanky,2026-04-27-69ee91d74c330.webp,1,2026-04-27 01:29:43,2026-04-27 01:29:43,3
65,اجاج,agag,2026-04-27-69ee9255eb10a.webp,1,2026-04-27 01:31:50,2026-04-27 01:31:50,3
66,دساني,dsany,2026-04-27-69ee928ebcf4f.webp,1,2026-04-27 01:32:47,2026-04-27 01:32:47,3
67,اكوافينا,akoafyna,2026-04-27-69ee92b8ed1d4.webp,1,2026-04-27 01:33:29,2026-04-27 01:33:29,3
68,نستله,nstlh,2026-04-27-69ee9302ed926.webp,1,2026-04-27 01:34:43,2026-04-27 01:34:43,3
69,ايلانو,aylano,2026-04-27-69ee93238dacd.webp,1,2026-04-27 01:35:15,2026-04-27 01:35:15,3
70,اكوا دلتا,akoa-dlta,2026-04-27-69ee935b08371.webp,1,2026-04-27 01:36:11,2026-04-27 01:36:11,3
71,مورو,moro,2026-04-27-69ee93b62f392.webp,1,2026-04-27 01:37:42,2026-04-27 01:37:42,3
72,اوريو,aoryo,2026-04-27-69ee93f69f0a0.webp,1,2026-04-27 01:38:46,2026-04-27 01:38:46,3
73,وندرفيل,ondrfyl,2026-04-27-69ee942672ec9.webp,1,2026-04-27 01:39:34,2026-04-27 01:39:34,3
74,سكويز اب,skoyz-ab,2026-04-27-69ee945789761.webp,1,2026-04-27 01:40:23,2026-04-27 01:40:23,3
75,كرنفاليتا,krnfalyta,2026-04-27-69ee947fbd2ff.webp,1,2026-04-27 01:41:04,2026-04-27 01:41:04,3
76,دولسي,dolsy,2026-04-27-69ee949e7e5fe.webp,1,2026-04-27 01:41:34,2026-04-27 01:41:34,3
77,بارادايس,baradays,2026-04-27-69ee9591529b9.webp,1,2026-04-27 01:45:37,2026-04-27 01:45:37,3
78,فينو,fyno,2026-04-27-69ee964d31408.webp,1,2026-04-27 01:48:45,2026-04-27 01:48:45,3
79,كادبوري,kadbory,2026-04-27-69ee96a148510.webp,1,2026-04-27 01:50:09,2026-04-27 01:50:09,3
80,كيت كات,kyt-kat,2026-04-27-69ee96d202623.webp,1,2026-04-27 01:50:58,2026-04-27 01:50:58,3
81,ميجا,myga,2026-04-27-69ee9708c5ba5.webp,1,2026-04-27 01:51:53,2026-04-27 01:51:53,3
82,كيموكونو,kymokono,2026-04-27-69ee976ac6857.webp,1,2026-04-27 01:53:31,2026-04-27 01:53:31,3
83,شهر زاد,shhr-zad,2026-04-27-69ee97ef8218a.webp,1,2026-04-27 01:55:43,2026-04-27 01:55:43,3
84,مونتانا,montana,2026-04-27-69ee9852cf3a1.webp,1,2026-04-27 01:57:23,2026-04-27 01:57:23,3
85,كوكي,koky,2026-04-27-69ee98bbc5484.webp,1,2026-04-27 01:59:08,2026-04-27 01:59:08,3
86,لذة,lth,2026-04-27-69ee98f786ba1.webp,1,2026-04-27 02:00:07,2026-04-27 02:00:07,3
87,جيفريكس,gyfryks,2026-04-27-69ee995078bd5.webp,1,2026-04-27 02:01:36,2026-04-27 02:01:36,3
88,فارم فريتس,farm-fryts,2026-04-27-69ee9a092553d.webp,1,2026-04-27 02:04:41,2026-04-27 02:04:41,3
89,وليمة,olym,2026-04-27-69ee9a98049cf.webp,1,2026-04-27 02:07:04,2026-04-27 02:07:04,3
90,جريت,gryt,2026-04-27-69ee9afb2bd46.webp,1,2026-04-27 02:08:43,2026-04-27 02:08:43,3
91,شيكيتيتا,shykytyta,2026-04-27-69ee9c021a644.webp,1,2026-04-27 02:13:06,2026-04-27 02:13:06,3
92,اطياب,atyab,2026-04-27-69ee9c4c4b994.webp,1,2026-04-27 02:14:20,2026-04-27 02:14:20,3
93,الوطنية,alotny,2026-04-27-69ee9d4d8b724.webp,1,2026-04-27 02:18:37,2026-04-27 02:18:37,3
94,الامين,alamyn,2026-04-27-69ee9d8f90134.webp,1,2026-04-27 02:19:43,2026-04-27 02:19:43,3
95,ريجينا,rygyna,2026-04-27-69ee9e9271d5c.webp,1,2026-04-27 02:24:02,2026-04-27 02:24:02,3
96,ايطاليانو,aytalyano,2026-04-27-69ee9ec7b82f3.webp,1,2026-04-27 02:24:55,2026-04-27 02:24:55,3
97,الملكة,almlk,2026-04-27-69ee9eff66355.webp,1,2026-04-27 02:25:51,2026-04-27 02:25:51,3
98,لمتنا,lmtna,2026-04-27-69ee9f3f4d7df.webp,1,2026-04-27 02:26:55,2026-04-27 02:26:55,3
99,ستار,star,2026-04-27-69ee9f71c8b38.webp,1,2026-04-27 02:27:46,2026-04-27 02:27:46,3
100,رويال,royal,2026-04-27-69ee9fd8d0dbe.webp,1,2026-04-27 02:29:29,2026-04-27 02:29:29,3
101,الساعه,alsaaah,2026-04-27-69eea0162e8cd.webp,1,2026-04-27 02:30:30,2026-04-27 02:30:30,3
102,ريحانة,ryhan,2026-04-27-69eea05aa7dbb.webp,1,2026-04-27 02:31:38,2026-04-27 02:31:38,3
103,دوبيلا,dobyla,2026-04-27-69eea0b981069.webp,1,2026-04-27 02:33:13,2026-04-27 02:33:13,3
104,حواء,hoaaa,2026-04-27-69eea0fd98d39.webp,1,2026-04-27 02:34:21,2026-04-27 02:34:21,3
105,المطبخ,almtbkh,2026-04-27-69eea16b0dd84.webp,1,2026-04-27 02:36:11,2026-04-27 02:36:11,3
106,الاسطورة,alastor,2026-04-27-69eea1e8295e9.webp,1,2026-04-27 02:38:16,2026-04-27 02:38:16,3
107,ابوكاس,abokas,2026-04-27-69eea249c177a.webp,1,2026-04-27 02:39:54,2026-04-27 02:39:54,3
108,عاصم,aaasm,2026-04-27-69eea2cbcf051.webp,1,2026-04-27 02:42:04,2026-04-27 02:42:04,3
109,هارفست,harfst,2026-04-27-69eea313a036c.webp,1,2026-04-27 02:43:15,2026-04-27 02:43:15,3
110,جواهر,goahr,2026-04-27-69eea35be9016.webp,1,2026-04-27 02:44:28,2026-04-27 02:44:28,3
111,وصاية,osay,2026-04-27-69eea3b135017.webp,1,2026-04-27 02:45:53,2026-04-27 02:45:53,3
112,اندومي,andomy,2026-04-27-69eea773e6f83.webp,1,2026-04-27 03:01:56,2026-04-27 03:01:56,3
113,كوفينيا,kofynya,2026-05-02-69f6452d2f9af.webp,1,2026-05-02 21:40:45,2026-05-02 21:40:45,3
114,مستر براون,mstr-braon,2026-05-02-69f64563ecab7.webp,1,2026-05-02 21:41:40,2026-05-02 21:41:40,3
115,ايزيس,ayzys,2026-05-02-69f6459fef568.webp,1,2026-05-02 21:42:40,2026-05-02 21:42:40,3
116,تي بريك,ty-bryk,2026-05-02-69f645c980cdb.webp,1,2026-05-02 21:43:21,2026-05-02 21:43:21,3
117,رووتس,roots,2026-05-02-69f645f8455a1.webp,1,2026-05-02 21:44:08,2026-05-02 21:44:08,3
118,ليبتون,lybton,2026-05-02-69f6468858087.webp,1,2026-05-02 21:46:32,2026-05-02 21:46:32,3
119,الجوهرة,algohr,2026-05-02-69f646cd960ce.webp,1,2026-05-02 21:47:42,2026-05-02 21:47:42,3
120,توينجز,toyngz,2026-05-02-69f647a3264df.webp,1,2026-05-02 21:51:15,2026-05-02 21:51:15,3
121,علي تي,aaly-ty,2026-05-02-69f6480b96ce2.webp,1,2026-05-02 21:52:59,2026-05-02 21:52:59,3
122,إمتنان,amtnan,2026-05-02-69f648321259b.webp,1,2026-05-02 21:53:38,2026-05-02 21:53:38,3
123,احمد تي,ahmd-ty,2026-05-02-69f6486fe659e.webp,1,2026-05-02 21:54:40,2026-05-02 21:54:40,3
124,ذا ليف,tha-lyf,2026-05-02-69f648a158aba.webp,1,2026-05-02 21:55:29,2026-05-02 21:55:29,3
125,الماسة,almas,2026-05-02-69f648f9c01cd.webp,1,2026-05-02 21:56:58,2026-05-02 21:56:58,3
126,ربيع اكسبريس,rbyaa-aksbrys,2026-05-02-69f649186089a.webp,1,2026-05-02 21:57:28,2026-05-02 21:57:28,3
127,ديلمه,dylmh,2026-05-02-69f649379fa84.webp,1,2026-05-02 21:57:59,2026-05-02 21:57:59,3
128,شاي العروسة,shay-alaaros,2026-05-02-69f649719266b.webp,1,2026-05-02 21:58:57,2026-05-02 21:58:57,3
129,بلووم,bloom,2026-05-02-69f6498c51c7e.webp,1,2026-05-02 21:59:24,2026-05-02 21:59:24,3
130,شاي العصاري,shay-alaasary,2026-05-02-69f649a3f09dc.webp,1,2026-05-02 21:59:48,2026-05-02 21:59:48,3
131,سيكم,sykm,2026-05-02-69f64a45b895c.webp,1,2026-05-02 22:02:30,2026-05-02 22:02:30,3
132,جيموكا,gymoka,2026-05-02-69f64cb42e648.webp,1,2026-05-02 22:12:52,2026-05-02 22:12:52,3
133,بن كافيه كولومبيا,bn-kafyh-kolombya,2026-05-02-69f64ce66c775.webp,1,2026-05-02 22:13:42,2026-05-02 22:13:42,3
134,نورك,nork,2026-05-02-69f64d22eda9a.webp,1,2026-05-02 22:14:43,2026-05-02 22:14:43,3
135,بونجورنو,bongorno,2026-05-02-69f64d4f68af2.webp,1,2026-05-02 22:15:27,2026-05-02 22:15:27,3
136,العبد,alaabd,2026-05-02-69f64d6c67d2f.webp,1,2026-05-02 22:15:56,2026-05-02 22:15:56,3
137,ميلك مان,mylk-man,2026-05-02-69f64deb08a2e.webp,1,2026-05-02 22:18:03,2026-05-02 22:18:03,3
138,العميد,alaamyd,2026-05-02-69f64e0f74f5f.webp,1,2026-05-02 22:18:39,2026-05-02 22:18:39,3
139,بن العروبة,bn-alaarob,2026-05-02-69f64e2f39ecf.webp,1,2026-05-02 22:19:11,2026-05-02 22:19:11,3
140,تورابيكا,torabyka,2026-05-02-69f64e704882d.webp,1,2026-05-02 22:20:16,2026-05-02 22:20:16,3
141,كافيه,kafyh,2026-05-02-69f64ef3b7c4a.webp,1,2026-05-02 22:22:28,2026-05-02 22:22:28,3
142,جراندوز كافيه,grandoz-kafyh,2026-05-02-69f64f424360f.webp,1,2026-05-02 22:23:46,2026-05-02 22:23:46,3
143,نسكافيه,nskafyh,2026-05-02-69f64f7075f53.webp,1,2026-05-02 22:24:33,2026-05-02 22:24:33,3
144,ريفيل,ryfyl,2026-05-02-69f64fb0989ec.webp,1,2026-05-02 22:25:36,2026-05-02 22:25:36,3
145,ابو عوف,abo-aaof,2026-05-02-69f64fcbab386.webp,1,2026-05-02 22:26:03,2026-05-02 22:26:03,3
146,بن شاهين,bn-shahyn,2026-05-02-69f6519d7a3ee.webp,1,2026-05-02 22:33:49,2026-05-02 22:33:49,3
147,ريتش ميكس,rytsh-myks,2026-05-02-69f651d198591.webp,1,2026-05-02 22:34:43,2026-05-02 22:34:43,3
148,سبيريزا,sbyryza,2026-05-02-69f6526e692a0.webp,1,2026-05-02 22:37:18,2026-05-02 22:37:18,3
149,مصر كافيه,msr-kafyh,2026-05-02-69f652ab066d6.webp,1,2026-05-02 22:38:19,2026-05-02 22:38:19,3
150,ميليتا,mylyta,2026-05-02-69f653a6a30b8.webp,1,2026-05-02 22:42:31,2026-05-02 22:42:31,3
151,اروما,aroma,2026-05-02-69f653cb53151.webp,1,2026-05-02 22:43:07,2026-05-02 22:43:07,3
152,سيجافريدو,sygafrydo,2026-05-02-69f654353ed08.webp,1,2026-05-02 22:44:53,2026-05-02 22:44:53,3
153,بريستوت,brystot,2026-05-02-69f65489ea53d.webp,1,2026-05-02 22:46:18,2026-05-02 22:46:18,3
154,كريستال,krystal,2026-05-02-69f6551f22db8.webp,1,2026-05-02 22:48:47,2026-05-02 22:48:47,3
155,نيوزيلاند الحلوب,nyozyland-alhlob,2026-05-02-69f65c3d267d3.webp,1,2026-05-02 23:19:09,2026-05-02 23:19:09,3
156,هلا,hla,2026-05-02-69f65c567309d.webp,1,2026-05-02 23:19:34,2026-05-02 23:19:34,3
157,حلوة,hlo,2026-05-02-69f65c6a6583d.webp,1,2026-05-02 23:19:54,2026-05-02 23:19:54,3
158,الحلوب المثالية,alhlob-almthaly,2026-05-02-69f65c821ec5d.webp,1,2026-05-02 23:20:18,2026-05-02 23:20:18,3
159,روابي,roaby,2026-05-02-69f65cba5327a.webp,1,2026-05-02 23:21:14,2026-05-02 23:21:14,3
160,صني,sny,2026-05-02-69f65cd401542.webp,1,2026-05-02 23:21:40,2026-05-02 23:21:40,3
161,أميرة,amyr,2026-05-02-69f65cf8e8108.webp,1,2026-05-02 23:22:17,2026-05-02 23:22:17,3
162,جولدن ميكس,goldn-myks,2026-05-02-69f65d1ccb193.webp,1,2026-05-02 23:22:53,2026-05-02 23:22:53,3
163,روتانا,rotana,2026-05-02-69f65d35312b9.webp,1,2026-05-02 23:23:17,2026-05-02 23:23:17,3
164,سلايت,slayt,2026-05-02-69f65d50baa7b.webp,1,2026-05-02 23:23:45,2026-05-02 23:23:45,3
165,هنادي,hnady,2026-05-02-69f65d6394588.webp,1,2026-05-02 23:24:03,2026-05-02 23:24:03,3
166,الأصيل,alasyl,2026-05-02-69f65d8785cf4.webp,1,2026-05-02 23:24:39,2026-05-02 23:24:39,3
167,هانم,hanm,2026-05-02-69f65e0a23c0f.webp,1,2026-05-02 23:26:50,2026-05-02 23:26:50,3
168,ظاظا,thatha,2026-05-02-69f65e323c739.webp,1,2026-05-02 23:27:30,2026-05-02 23:27:30,3
169,قليه,klyh,2026-05-02-69f65e750daa6.webp,1,2026-05-02 23:28:37,2026-05-02 23:28:37,3
170,عافية,aaafy,2026-05-02-69f65ea504458.webp,1,2026-05-02 23:29:25,2026-05-02 23:29:25,3
171,المزاج,almzag,2026-05-06-69fb259ed13d9.webp,1,2026-05-02 23:43:42,2026-05-06 14:27:27,3
172,دراهم,drahm,2026-05-02-69f6621283656.webp,1,2026-05-02 23:44:02,2026-05-02 23:44:02,3
173,زمزم,zmzm,2026-05-02-69f6623654dbf.webp,1,2026-05-02 23:44:38,2026-05-02 23:44:38,3
174,بشاير,bshayr,2026-05-03-69f67076dcb50.webp,1,2026-05-03 00:45:27,2026-05-03 00:45:27,3
175,ريحانه,ryhanh,2026-05-03-69f6725634135.webp,1,2026-05-03 00:53:26,2026-05-03 00:53:26,3
176,تشيزا,tshyza,2026-05-03-69f6750af1f57.webp,1,2026-05-03 01:04:59,2026-05-03 01:04:59,3
177,أريا,arya,2026-05-03-69f676ca383d9.webp,1,2026-05-03 01:12:26,2026-05-03 01:12:26,3
178,أبو الولد,abo-alold,2026-05-03-69f67ace9c511.webp,1,2026-05-03 01:29:34,2026-05-03 01:29:34,3
179,دريا,drya,2026-05-03-69f67c2bc0826.webp,1,2026-05-03 01:35:24,2026-05-03 01:35:24,3
180,حلواني,hloany,2026-05-03-69f68f9c616f5.webp,1,2026-05-03 02:58:20,2026-05-03 02:58:20,3
181,شهد,shhd,2026-05-03-69f690f75c82d.webp,1,2026-05-03 03:04:07,2026-05-03 03:04:07,3
182,روستي,rosty,2026-05-03-69f691af512a4.webp,1,2026-05-03 03:07:11,2026-05-03 03:07:11,3
183,فروتي,froty,2026-05-03-69f6944e36aee.webp,1,2026-05-03 03:18:22,2026-05-03 03:18:22,3
184,بوفانا,bofana,2026-05-03-69f696b6c5712.webp,1,2026-05-03 03:28:39,2026-05-03 03:28:39,3
185,كيندر,kyndr,2026-05-03-69f69897a26a4.webp,1,2026-05-03 03:36:39,2026-05-03 03:36:39,3
186,ماندولين,mandolyn,2026-05-03-69f699f0c67f6.webp,1,2026-05-03 03:42:25,2026-05-03 03:42:25,3
187,كورونا,korona,2026-05-03-69f69aa1aa4f5.webp,1,2026-05-03 03:45:22,2026-05-03 03:45:22,3
188,كلورتس,klorts,2026-05-03-69f69b88c1cd8.webp,1,2026-05-03 03:49:13,2026-05-03 03:49:13,3
189,سن توب,sn-tob,2026-05-03-69f6a01c1678b.webp,1,2026-05-03 04:08:44,2026-05-03 04:08:44,3
190,شنايدر,shnaydr,2026-05-03-69f735184927c.webp,1,2026-05-03 14:44:24,2026-05-03 14:44:24,3
191,موسي,mosy,2026-05-03-69f73798b2153.webp,1,2026-05-03 14:55:05,2026-05-03 14:55:05,3
192,باور هورس,baor-hors,2026-05-03-69f738e976982.webp,1,2026-05-03 15:00:41,2026-05-03 15:00:41,3
193,روتس,rots,2026-05-03-69f73a821914d.webp,1,2026-05-03 15:07:30,2026-05-03 15:07:30,3
194,رواخ,roakh,2026-05-03-69f73b66581d9.webp,1,2026-05-03 15:10:26,2026-05-03 15:11:18,3
195,الكبوس,alkbos,2026-05-03-69f73d456fcfa.webp,1,2026-05-03 15:19:17,2026-05-03 15:19:17,3
196,الوردة,alord,2026-05-03-69f73e35cf0b3.webp,1,2026-05-03 15:23:18,2026-05-03 15:23:18,3
197,الدالة,aldal,2026-05-03-69f73fa684954.webp,1,2026-05-03 15:29:26,2026-05-03 15:29:26,3
198,بركة,brk,2026-05-03-69f7409d872b8.webp,1,2026-05-03 15:33:33,2026-05-03 15:33:33,3
199,قتيلو,ktylo,2026-05-03-69f765b9844cf.webp,1,2026-05-03 18:11:53,2026-05-03 18:11:53,3
200,ضيافة,dyaf,2026-05-03-69f766a3acba3.webp,1,2026-05-03 18:15:48,2026-05-03 18:15:48,3
201,دانون,danon,2026-05-03-69f7688bdbe61.webp,1,2026-05-03 18:23:56,2026-05-03 18:23:56,3
202,ريفي,ryfy,2026-05-03-69f769a5da19d.webp,1,2026-05-03 18:28:38,2026-05-03 18:28:38,3
203,تيميز,tymyz,2026-05-03-69f76b2258930.webp,1,2026-05-03 18:34:58,2026-05-03 18:34:58,3
204,الحلوبة,alhlob,2026-05-03-69f76cc938e74.webp,1,2026-05-03 18:42:01,2026-05-03 18:42:01,3
205,أمريكانا,amrykana,2026-05-03-69f7aee65779f.webp,1,2026-05-03 23:24:06,2026-05-03 23:24:06,3
206,حبوبة,hbob,2026-05-03-69f7b24242290.webp,1,2026-05-03 23:38:26,2026-05-03 23:38:26,3
207,هدية,hdy,2026-05-03-69f7b37e1fec6.webp,1,2026-05-03 23:43:42,2026-05-03 23:43:42,3
208,الممتاز,almmtaz,2026-05-03-69f7b4bd51f6d.webp,1,2026-05-03 23:49:01,2026-05-03 23:49:01,3
209,شيراتون,shyraton,2026-05-03-69f7b5e0d663a.webp,1,2026-05-03 23:53:53,2026-05-03 23:53:53,3
210,شهي,shhy,2026-05-03-69f7b6f963d2b.webp,1,2026-05-03 23:58:33,2026-05-03 23:58:33,3
211,وادي فوود,oady-food,2026-05-04-69f7b83b3d7e8.webp,1,2026-05-04 00:03:55,2026-05-04 00:03:55,3
212,نجمة الزيتون,ngm-alzyton,2026-05-04-69f7b9b5b3516.webp,1,2026-05-04 00:10:14,2026-05-04 00:10:14,3
213,حلو الشام,hlo-alsham,2026-05-04-69f7bacd6f16e.webp,1,2026-05-04 00:14:53,2026-05-04 00:14:53,3
214,بونا,bona,2026-05-04-69f7bc6b59dd9.webp,1,2026-05-04 00:21:47,2026-05-04 00:21:47,3
215,مورا,mora,2026-05-04-69f7bd2cb7ffb.webp,1,2026-05-04 00:25:01,2026-05-04 00:25:01,3
216,توينكيز,toynkyz,2026-05-04-69f7bde90d041.webp,1,2026-05-04 00:28:09,2026-05-04 00:28:09,3
217,صن شاين,sn-shayn,2026-05-04-69f7bef65868a.webp,1,2026-05-04 00:32:38,2026-05-04 00:32:38,3
218,دولفين,dolfyn,2026-05-04-69f7bf618fadf.webp,1,2026-05-04 00:34:25,2026-05-04 00:34:25,3
219,لواكر,loakr,2026-05-04-69f7c0c78414f.webp,1,2026-05-04 00:40:23,2026-05-04 00:40:23,3
220,هيلثي,hylthy,2026-05-04-69f7c17f0d878.webp,1,2026-05-04 00:43:27,2026-05-04 00:43:27,3
221,لاجو,lago,2026-05-04-69f7c237ed5ff.webp,1,2026-05-04 00:46:32,2026-05-04 00:46:32,3
222,فريسكا,fryska,2026-05-04-69f7c2bc11802.webp,1,2026-05-04 00:48:44,2026-05-04 00:48:44,3
223,درة,dr,2026-05-04-69f7c4089ef26.webp,1,2026-05-04 00:54:16,2026-05-04 00:54:16,3
224,مذاق,mthak,2026-05-04-69f7d1ed5f12f.webp,1,2026-05-04 01:53:33,2026-05-04 01:53:33,3
225,ريد ليبل,ryd-lybl,2026-05-04-69f7d2bf018e5.webp,1,2026-05-04 01:57:03,2026-05-04 01:57:03,3
227,دلما,dlma,2026-05-04-69f7d551cecfa.webp,1,2026-05-04 02:08:02,2026-05-04 02:08:02,3
228,علي كافيه,aaly-kafyh,2026-05-04-69f7d6b8f2b27.webp,1,2026-05-04 02:14:01,2026-05-04 02:14:01,3
229,الحموي,alhmoy,2026-05-04-69f7d7bd3fe34.webp,1,2026-05-04 02:18:21,2026-05-04 02:18:21,3
230,حسيب,hsyb,2026-05-04-69f7d83652e9b.webp,1,2026-05-04 02:20:22,2026-05-04 02:20:22,3
231,سيلاز,sylaz,2026-05-04-69f7d917b150d.webp,1,2026-05-04 02:24:08,2026-05-04 02:24:08,3
232,ايلي,ayly,2026-05-04-69f7db251ecec.webp,1,2026-05-04 02:32:53,2026-05-04 02:32:53,3
233,براون هيلز,braon-hylz,2026-05-04-69f7db9c6b001.webp,1,2026-05-04 02:34:52,2026-05-04 02:34:52,3
234,نجار,ngar,2026-05-04-69f7de46c4bae.webp,1,2026-05-04 02:46:15,2026-05-04 02:46:15,3
235,زادنا,zadna,2026-05-04-69f7df17bf616.webp,1,2026-05-04 02:49:44,2026-05-04 02:49:44,3
236,ماي,may,2026-05-04-69f7e05866a08.webp,1,2026-05-04 02:55:04,2026-05-04 02:55:04,3
237,ايفيان,ayfyan,2026-05-04-69f7e18b4e808.webp,1,2026-05-04 03:00:11,2026-05-04 03:00:11,3
238,نودلز,nodlz,2026-05-04-69f7e3b411bd4.webp,1,2026-05-04 03:09:24,2026-05-04 03:09:24,3
239,مرام,mram,2026-05-04-69f875c46ad24.webp,1,2026-05-04 13:32:36,2026-05-04 13:32:36,3
240,شانه,shanh,2026-05-04-69f876666fac4.webp,1,2026-05-04 13:35:18,2026-05-04 13:35:18,3
241,مانوكا,manoka,2026-05-04-69f8773590f10.webp,1,2026-05-04 13:38:45,2026-05-04 13:38:45,3
242,البوادي,alboady,2026-05-04-69f8782b586ca.webp,1,2026-05-04 13:42:51,2026-05-04 13:42:51,3
243,هيرو,hyro,2026-05-04-69f878bcdaed9.webp,1,2026-05-04 13:45:17,2026-05-04 13:45:17,3
244,جنه,gnh,2026-05-04-69f879e66b81a.webp,1,2026-05-04 13:50:14,2026-05-04 13:50:14,3
245,الاصدقاء,alasdkaaa,2026-05-04-69f87b8cb5a47.webp,1,2026-05-04 13:56:05,2026-05-04 13:57:17,3
246,شيره,shyrh,2026-05-04-69f87c55e0d83.webp,1,2026-05-04 14:00:38,2026-05-04 14:00:38,3
247,زاري,zary,2026-05-04-69f87dac7bcce.webp,1,2026-05-04 14:06:20,2026-05-04 14:06:20,3
248,فايز السوهاجي,fayz-alsohagy,2026-05-04-69f880004fc23.webp,1,2026-05-04 14:16:16,2026-05-04 14:16:16,3
249,دايمة,daym,2026-05-04-69f880fde1612.webp,1,2026-05-04 14:20:30,2026-05-04 14:20:30,3
250,اكسفورد,aksford,2026-05-04-69f88212ad157.webp,1,2026-05-04 14:25:07,2026-05-04 14:25:07,3
251,فجر,fgr,2026-05-04-69f882a1a134f.webp,1,2026-05-04 14:27:30,2026-05-04 14:27:30,3
252,رجب العطار,rgb-alaatar,2026-05-04-69f88369b0f74.webp,1,2026-05-04 14:30:50,2026-05-04 14:30:50,3
253,الدار,aldar,2026-05-04-69f883f3b9122.webp,1,2026-05-04 14:33:08,2026-05-04 14:33:08,3
254,الزعيم,alzaaym,2026-05-04-69f884b13fc0a.webp,1,2026-05-04 14:36:17,2026-05-04 14:36:17,3
255,التكية,altky,2026-05-04-69f8852893df2.webp,1,2026-05-04 14:38:16,2026-05-04 14:38:16,3
256,صبا,sba,2026-05-04-69f8861010606.webp,1,2026-05-04 14:42:08,2026-05-04 14:42:08,3
257,بيسكار,byskar,2026-05-04-69f88834154d8.webp,1,2026-05-04 14:51:16,2026-05-04 14:51:16,3
258,دويبلا,doybla,2026-05-04-69f88a30b5726.webp,1,2026-05-04 14:59:45,2026-05-04 14:59:45,3
259,الطاهيه,altahyh,2026-05-04-69f88bbf272fb.webp,1,2026-05-04 15:06:23,2026-05-04 15:06:23,3
260,الشعلان,alshaalan,2026-05-04-69f88c8c62f38.webp,1,2026-05-04 15:09:48,2026-05-04 15:09:48,3
261,فينسيا,fynsya,2026-05-04-69f88d84f290a.webp,1,2026-05-04 15:13:57,2026-05-04 15:13:57,3
262,الامارات,alamarat,2026-05-04-69f88df4cc06c.webp,1,2026-05-04 15:15:49,2026-05-04 15:15:49,3
263,جرانورو,granoro,2026-05-04-69f8919b09a03.webp,1,2026-05-04 15:31:23,2026-05-04 15:31:23,3
264,سنبلة الفرات,snbl-alfrat,2026-05-04-69f894b2b4e6c.webp,1,2026-05-04 15:44:35,2026-05-04 15:44:35,3
265,ميكسكانا,mykskana,2026-05-04-69f89598dde84.webp,1,2026-05-04 15:48:25,2026-05-04 15:48:25,3
266,نهرين,nhryn,2026-05-04-69f896e5994df.webp,1,2026-05-04 15:53:58,2026-05-04 15:53:58,3
267,ميس عاليا,mys-aaalya,2026-05-04-69f897b73a517.webp,1,2026-05-04 15:57:27,2026-05-04 15:57:27,3
268,ميس كرمة,mys-krm,2026-05-04-69f8983967b43.webp,1,2026-05-04 15:59:37,2026-05-04 15:59:37,3
269,سلطنلة,sltnl,2026-05-04-69f89afd25567.webp,1,2026-05-04 16:11:25,2026-05-04 16:11:25,3
270,فودلاند,fodland,2026-05-04-69f89c88bfb5d.webp,1,2026-05-04 16:18:01,2026-05-04 16:18:01,3
271,خباز الفرات,khbaz-alfrat,2026-05-04-69f89e3cd5e9b.webp,1,2026-05-04 16:25:17,2026-05-04 16:25:17,3
272,دي سيكو,dkyk-dy-syko,2026-05-04-69f89ffb237ee.webp,1,2026-05-04 16:30:45,2026-05-04 16:32:43,3
273,حدائق كاليفورنيا,hdayk-kalyfornya,2026-05-04-69f8aa9a1cedf.webp,1,2026-05-04 17:18:02,2026-05-04 17:18:02,3
274,توناتو,tonato,2026-05-04-69f8ab7eccb5f.webp,1,2026-05-04 17:21:51,2026-05-04 17:21:51,3
275,هنية,hny,2026-05-04-69f8ad7b102b1.webp,1,2026-05-04 17:30:19,2026-05-04 17:30:19,3
276,ريت,ryt,2026-05-04-69f8ae73e38bd.webp,1,2026-05-04 17:34:28,2026-05-04 17:34:28,3
277,الرشيدي الميزان,alrshydy-almyzan,2026-05-04-69f8b0f210853.webp,1,2026-05-04 17:45:06,2026-05-04 17:45:06,3
278,نوتيلا,notyla,2026-05-05-69f91a2d0df0d.webp,1,2026-05-05 01:14:05,2026-05-05 01:14:05,3
279,اتيكي,atyky,2026-05-05-69f91b28033bc.webp,1,2026-05-05 01:18:16,2026-05-05 01:18:16,3
280,سعد,saad,2026-05-05-69f91bde88dea.webp,1,2026-05-05 01:21:18,2026-05-05 01:21:18,3
281,اد مي,ad-my,2026-05-05-69f91d29d726a.webp,1,2026-05-05 01:26:50,2026-05-05 01:26:50,3
282,ماكفيتيز,makfytyz,2026-05-05-69f91eb947ca9.webp,1,2026-05-05 01:33:29,2026-05-05 01:33:29,3
283,اولكر,aolkr,2026-05-05-69f91f21b2fca.webp,1,2026-05-05 01:35:14,2026-05-05 01:35:14,3
284,توك,tok,2026-05-05-69f91f8cbc197.webp,1,2026-05-05 01:37:01,2026-05-05 01:37:01,3
285,الشمعدان,alshmaadan,2026-05-05-69f9204e48f88.webp,1,2026-05-05 01:40:14,2026-05-05 01:40:14,3
286,تويكس,toyks,2026-05-05-69f920f9c78f9.webp,1,2026-05-05 01:43:06,2026-05-05 01:43:06,3
287,نواعم,noaaam,2026-05-05-69f922481b0a3.webp,1,2026-05-05 01:48:40,2026-05-05 01:48:40,3
288,بوريو,boryo,2026-05-05-69f922fb524b6.webp,1,2026-05-05 01:51:39,2026-05-05 01:51:39,3
289,تودي,tody,2026-05-05-69f923becfdc5.webp,1,2026-05-05 01:54:55,2026-05-05 01:54:55,3
290,أهلاوي,ahlaoy,2026-05-05-69f924a6bc036.webp,1,2026-05-05 01:58:47,2026-05-05 01:58:47,3
291,لوتس,lots,2026-05-05-69f92570944b4.webp,1,2026-05-05 02:02:08,2026-05-05 02:02:08,3
292,شاتو,shato,2026-05-05-69f9265204616.webp,1,2026-05-05 02:05:54,2026-05-05 02:05:54,3
293,او جي,ao-gy,2026-05-05-69f92a9b90f9e.webp,1,2026-05-05 02:24:11,2026-05-05 02:24:11,3
294,جولي,goly,2026-05-05-69f92b3c66a54.webp,1,2026-05-05 02:26:52,2026-05-05 02:26:52,3
295,في 7,fy-7,2026-05-05-69f99de018993.webp,1,2026-05-05 10:36:00,2026-05-05 10:36:00,3
296,ريتا,ryta,2026-05-05-69f99f2d76b43.webp,1,2026-05-05 10:41:33,2026-05-05 10:41:33,3
297,كينزا,kynza,2026-05-05-69f99f98e8a63.webp,1,2026-05-05 10:43:21,2026-05-05 10:43:21,3
298,شاني,shany,2026-05-05-69f9a01173f8f.webp,1,2026-05-05 10:45:21,2026-05-05 10:45:21,3
299,مونستر,monstr,2026-05-05-69f9a0dfb3ee2.webp,1,2026-05-05 10:48:48,2026-05-05 10:48:48,3
300,بيسون,byson,2026-05-05-69f9a23c95f1a.webp,1,2026-05-05 10:54:37,2026-05-05 10:54:37,3
301,او كي اف,ao-ky-af,2026-05-05-69f9a3259deb6.webp,1,2026-05-05 10:58:29,2026-05-05 10:58:29,3
302,كي دي دي,ky-dy-dy,2026-05-05-69f9a3edbab3a.webp,1,2026-05-05 11:01:50,2026-05-05 11:01:50,3
303,لافيدا,lafyda,2026-05-05-69f9a4e13ba70.webp,1,2026-05-05 11:05:53,2026-05-05 11:05:53,3
304,نايل  جاردن,nayl-gardn,2026-05-05-69f9a5c51af0b.webp,1,2026-05-05 11:09:41,2026-05-05 11:09:41,3
305,تشويس,tshoys,2026-05-05-69f9a6fcb8978.webp,1,2026-05-05 11:14:53,2026-05-05 11:14:53,3
306,فراجاتا,fragata,2026-05-05-69f9cbcb3e9fd.webp,1,2026-05-05 13:51:55,2026-05-05 13:51:55,3
307,الوزة,aloz,2026-05-05-69f9cdfbedd99.webp,1,2026-05-05 14:01:16,2026-05-05 14:01:16,3
308,الغزالين,alghzalyn,2026-05-05-69f9d070f3462.webp,1,2026-05-05 14:11:45,2026-05-05 14:11:45,3
309,افانتي,afanty,2026-05-05-69f9d27eb87f6.webp,1,2026-05-05 14:20:31,2026-05-05 14:20:31,3
310,ماريو,maryo,2026-05-05-69f9d376df656.webp,1,2026-05-05 14:24:39,2026-05-05 14:24:39,3
311,اكوا بريميوم,akoa-brymyom,2026-05-05-69f9d4bd51e8d.webp,1,2026-05-05 14:30:05,2026-05-05 14:30:05,3
312,بسمة,bsm,2026-05-05-69f9d5c444f84.webp,1,2026-05-05 14:34:28,2026-05-05 14:34:28,3
313,فرجللو,frgllo,2026-05-05-69f9d6a659fb6.webp,1,2026-05-05 14:38:14,2026-05-05 14:38:14,3
314,فاميليا,famylya,2026-05-05-69f9d810405d9.webp,1,2026-05-05 14:44:16,2026-05-05 14:44:16,3
315,زينة,zyn,2026-05-05-69f9d86acc8f9.webp,1,2026-05-05 14:45:47,2026-05-05 14:45:47,3
316,بابيا,babya,2026-05-05-69f9d8c5d185b.webp,1,2026-05-05 14:47:18,2026-05-05 14:47:18,3
317,وايت,oayt,2026-05-05-69f9d90897b4d.webp,1,2026-05-05 14:48:24,2026-05-05 14:48:24,3
318,فاين,fayn,2026-05-05-69f9d99ac4045.webp,1,2026-05-05 14:50:51,2026-05-05 14:50:51,3
319,مور,mor,2026-05-05-69f9da4b51939.webp,1,2026-05-05 14:53:47,2026-05-05 14:53:47,3
320,ديتول,dytol,2026-05-05-69f9de8ad1e23.webp,1,2026-05-05 15:11:55,2026-05-05 15:11:55,3
321,لايف بوي,layf-boy,2026-05-05-69f9e0a728088.webp,1,2026-05-05 15:20:55,2026-05-05 15:20:55,3
322,تمارا,tmara,2026-05-05-69f9e47526cf0.webp,1,2026-05-05 15:37:09,2026-05-05 15:37:09,3
323,كلاسي,klasy,2026-05-05-69f9e72ec15d2.webp,1,2026-05-05 15:48:47,2026-05-05 15:48:47,3
324,كوين,koyn,2026-05-05-69f9e7c0b1fec.webp,1,2026-05-05 15:51:13,2026-05-05 15:51:13,3
325,جود كير,god-kyr,2026-05-05-69f9e94c89c76.webp,1,2026-05-05 15:57:48,2026-05-05 15:57:48,3
326,سانيتا,sanyta,2026-05-05-69f9f1d9273e3.webp,1,2026-05-05 16:34:17,2026-05-05 16:34:17,3
327,هاي جين,hay-gyn,2026-05-05-69f9f2cabe134.webp,1,2026-05-05 16:38:19,2026-05-05 16:38:19,3
328,ماكس تاتش,maks-tatsh,2026-05-06-69fa6b8850960.webp,1,2026-05-06 01:13:28,2026-05-06 01:13:28,3
329,سوفت,soft,2026-05-06-69fa6c9374e0f.webp,1,2026-05-06 01:17:55,2026-05-06 01:17:55,3
330,بينك,bynk,2026-05-06-69fa6de7ab0cc.webp,1,2026-05-06 01:23:36,2026-05-06 01:23:36,3
331,مارتي,marty,2026-05-06-69fa6f4d8ca2d.webp,1,2026-05-06 01:29:33,2026-05-06 01:29:33,3
332,يونو,yono,2026-05-06-69fa6ff7e06aa.webp,1,2026-05-06 01:32:24,2026-05-06 01:32:24,3
333,ستارفيل,starfyl,2026-05-06-69fa70f789430.webp,1,2026-05-06 01:36:39,2026-05-06 01:36:39,3
334,روانز,roanz,2026-05-06-69fa734ea8fda.webp,1,2026-05-06 01:46:38,2026-05-06 01:46:38,3
335,دليفا,dlyfa,2026-05-06-69fa755c8af6c.webp,1,2026-05-06 01:55:24,2026-05-06 01:55:24,3
336,سيناكولا,synakola,2026-05-06-69fa75e6a9092.webp,1,2026-05-06 01:57:42,2026-05-06 01:57:42,3
337,بيج كولا,byg-kola,2026-05-06-69fa763dd5211.webp,1,2026-05-06 01:59:10,2026-05-06 01:59:10,3
338,سبيرو سباتس,sbyro-sbats,2026-05-06-69fa770536a7c.webp,1,2026-05-06 02:02:29,2026-05-06 02:02:29,3
339,باونتي,baonty,2026-05-06-69fa78436723e.webp,1,2026-05-06 02:07:47,2026-05-06 02:07:47,3
340,مارس,mars,2026-05-06-69fa793fe59d5.webp,1,2026-05-06 02:12:00,2026-05-06 02:12:00,3
341,مونين,monyn,2026-05-06-69fb07ac0f8f2.webp,1,2026-05-06 12:19:40,2026-05-06 12:19:40,3
342,كافا,kafa,2026-05-06-69fb08fe7169b.webp,1,2026-05-06 12:25:18,2026-05-06 12:25:18,3
343,فلاش,flash,2026-05-06-69fb09912a1d5.webp,1,2026-05-06 12:27:45,2026-05-06 12:27:45,3
344,أوستربيرج,aostrbyrg,2026-05-06-69fb0a2de7d41.webp,1,2026-05-06 12:30:22,2026-05-06 12:30:22,3
345,إليشا,alysha,2026-05-06-69fb0b18131c6.webp,1,2026-05-06 12:34:16,2026-05-06 12:34:16,3
346,فيمتو,fymto,2026-05-06-69fb0bc6dbe5c.webp,1,2026-05-06 12:37:11,2026-05-06 12:37:11,3
347,فريز,fryz,2026-05-06-69fb0d75938a3.webp,1,2026-05-06 12:44:22,2026-05-06 12:44:22,3
348,كاندي كان,kandy-kan,2026-05-06-69fb0def554e7.webp,1,2026-05-06 12:46:23,2026-05-06 12:46:23,3
349,غندور,ghndor,2026-05-06-69fb0e7c49ae9.webp,1,2026-05-06 12:48:44,2026-05-06 12:48:44,3
350,دريم,drym,2026-05-06-69fb12123f814.webp,1,2026-05-06 13:04:02,2026-05-06 13:04:02,3
351,محمد أفندي,mhmd-afndy,2026-05-06-69fb1bf04220e.webp,1,2026-05-06 13:46:08,2026-05-06 13:46:08,3
352,عبد المعبود,aabd-almaabod,2026-05-06-69fb1cdd6472d.webp,1,2026-05-06 13:50:05,2026-05-06 13:50:05,3
353,لافازا,lafaza,2026-05-06-69fb1d68f0f5e.webp,1,2026-05-06 13:52:25,2026-05-06 13:52:25,3
354,لارا,lara,2026-05-06-69fb1e15d39fa.webp,1,2026-05-06 13:55:18,2026-05-06 13:55:18,3
355,شوتس,shots,2026-05-06-69fb1ebf607b7.webp,1,2026-05-06 13:58:07,2026-05-06 13:58:07,3
356,كوفي بريك,kofy-bryk,2026-05-06-69fb1fb283074.webp,1,2026-05-06 14:02:10,2026-05-06 14:02:10,3
357,عماد أفندي,aamad-afndy,2026-05-06-69fb213e48822.webp,1,2026-05-06 14:08:46,2026-05-06 14:08:46,3
358,كوبا,koba,2026-05-06-69fb2281ae015.webp,1,2026-05-06 14:14:10,2026-05-06 14:14:10,3
359,سليمان,slyman,2026-05-06-69fb26db8343f.webp,1,2026-05-06 14:32:43,2026-05-06 14:32:43,3
360,خزامه,khzamh,2026-05-06-69fb277e6766f.webp,1,2026-05-06 14:35:26,2026-05-06 14:35:26,3
361,بارنز,barnz,2026-05-06-69fb27fc9a445.webp,1,2026-05-06 14:37:32,2026-05-06 14:37:32,3
362,بيشة,bysh,2026-05-06-69fb289b82d5f.webp,1,2026-05-06 14:40:11,2026-05-06 14:40:11,3
363,بن عامر,bn-aaamr,2026-05-06-69fb298ba6d10.webp,1,2026-05-06 14:44:11,2026-05-06 14:44:11,3
364,كينج توت,kyng-tot,2026-05-06-69fb2c97cbab6.webp,1,2026-05-06 14:57:12,2026-05-06 14:57:12,3
365,بيت المعز,byt-almaaz,2026-05-06-69fb2d52ae4e7.webp,1,2026-05-06 15:00:19,2026-05-06 15:00:19,3
366,رواق,roak,2026-05-06-69fb2e9e77c1f.webp,1,2026-05-06 15:05:50,2026-05-06 15:05:50,3
368,لامدي,lamdy,2026-05-06-69fb341e7e720.webp,1,2026-05-06 15:29:18,2026-05-06 15:29:18,3
369,فريكو,fryko,2026-05-06-69fb34dacc254.webp,1,2026-05-06 15:32:27,2026-05-06 15:32:27,3
370,اشطه,ashth,2026-05-06-69fb36c503457.webp,1,2026-05-06 15:40:37,2026-05-06 15:40:37,3
371,بالهنا,balhna,2026-05-06-69fb38d4a765b.webp,1,2026-05-06 15:49:25,2026-05-06 15:49:25,3
372,فيلادلفيا,fyladlfya,2026-05-06-69fb3a3fca8f3.webp,1,2026-05-06 15:55:28,2026-05-06 15:55:28,3
373,فيفا,fyfa,2026-05-06-69fb3bed1e1f8.webp,1,2026-05-06 16:02:37,2026-05-06 16:02:37,3
374,بريجو,brygo,2026-05-06-69fb3ca95bfd9.webp,1,2026-05-06 16:05:45,2026-05-06 16:05:45,3
375,دانو,dano,2026-05-06-69fb3eda84f61.webp,1,2026-05-06 16:15:06,2026-05-06 16:15:06,3
376,المصريين,almsryyn,2026-05-06-69fb401dc7aed.webp,1,2026-05-06 16:20:30,2026-05-06 16:20:30,3
377,مفازا,mfaza,2026-05-06-69fb42243fc1c.webp,1,2026-05-06 16:29:08,2026-05-06 16:29:08,3
378,ندي,ndy,2026-05-06-69fb437d867fc.webp,1,2026-05-06 16:34:53,2026-05-06 16:34:53,3
379,اكسترا,akstra,2026-05-06-69fb64ce8ef80.webp,1,2026-05-06 18:57:02,2026-05-06 18:57:02,3
380,تايد,tayd,2026-05-06-69fb64f6db258.webp,1,2026-05-06 18:57:43,2026-05-06 18:57:43,3
381,اريال,aryal,2026-05-06-69fb651dbe298.webp,1,2026-05-06 18:58:22,2026-05-06 18:58:22,3
382,اوكسي,aoksy,2026-05-06-69fb654688ddc.webp,1,2026-05-06 18:59:02,2026-05-06 18:59:02,3
383,شايني,shayny,2026-05-06-69fb65f373eca.webp,1,2026-05-06 19:01:55,2026-05-06 19:01:55,3
384,برسيل,brsyl,2026-05-06-69fb6617d142b.webp,1,2026-05-06 19:02:32,2026-05-06 19:02:32,3
385,فلفيتا,flfyta,2026-05-06-69fb66a085dc2.webp,1,2026-05-06 19:04:48,2026-05-06 19:04:48,3
386,ماي تشويس,may-tshoys,2026-05-06-69fb6c91ee9d9.webp,1,2026-05-06 19:30:10,2026-05-06 19:30:10,3
387,داوني,daony,2026-05-06-69fb6fea9762b.webp,1,2026-05-06 19:44:27,2026-05-06 19:44:27,3
388,كومفورت,komfort,2026-05-06-69fb701b5ca36.webp,1,2026-05-06 19:45:15,2026-05-06 19:45:15,3
389,كلوريل,kloryl,2026-05-06-69fb70edb2446.webp,1,2026-05-06 19:48:45,2026-05-06 19:48:45,3
390,فانيش,fanysh,2026-05-06-69fb713f292ef.webp,1,2026-05-06 19:50:07,2026-05-06 19:50:07,3
391,كلوروكس,kloroks,2026-05-06-69fb7187d5e44.webp,1,2026-05-06 19:51:20,2026-05-06 19:51:20,3
392,بريكس,bryks,2026-05-06-69fb71bc43eca.webp,1,2026-05-06 19:52:12,2026-05-06 19:52:12,3
393,كلورو,kloro,2026-05-06-69fb71f44f629.webp,1,2026-05-06 19:53:08,2026-05-06 19:53:08,3
394,بيرول,byrol,2026-05-06-69fb7226a0892.webp,1,2026-05-06 19:53:58,2026-05-06 19:53:58,3
395,بريل,bryl,2026-05-06-69fb72494b468.webp,1,2026-05-06 19:54:33,2026-05-06 19:54:33,3
396,فيري,fyry,2026-05-06-69fb7267b5a5a.webp,1,2026-05-06 19:55:04,2026-05-06 19:55:04,3
397,وفير,ofyr,2026-05-06-69fb739bd3c54.webp,1,2026-05-06 20:00:12,2026-05-06 20:00:12,3
398,فيبا,fyba,2026-05-06-69fb73ca848f3.webp,1,2026-05-06 20:00:58,2026-05-06 20:00:58,3
399,فينيش,fynysh,2026-05-06-69fb747701699.webp,1,2026-05-06 20:03:51,2026-05-06 20:03:51,3
400,لودويك,lodoyk,2026-05-06-69fb750908b16.webp,1,2026-05-06 20:06:17,2026-05-06 20:06:17,3
401,ماكسيل,maksyl,2026-05-06-69fb759d10ffe.webp,1,2026-05-06 20:08:45,2026-05-06 20:08:45,3
402,بورا,bora,2026-05-06-69fb75d600011.webp,1,2026-05-06 20:09:42,2026-05-06 20:09:42,3
403,سباركس,sbarks,2026-05-06-69fb7652c3779.webp,1,2026-05-06 20:11:47,2026-05-06 20:11:47,3
404,جينيرال,gynyral,2026-05-06-69fb769a38c9a.webp,1,2026-05-06 20:12:58,2026-05-06 20:12:58,3
405,موشن,moshn,2026-05-06-69fb76cc547a2.webp,1,2026-05-06 20:13:48,2026-05-06 20:13:48,3
406,مستر ماسل,mstr-masl,2026-05-06-69fb776199145.webp,1,2026-05-06 20:16:17,2026-05-06 20:16:17,3
407,بليدج,blydg,2026-05-06-69fb77a15cdce.webp,1,2026-05-06 20:17:21,2026-05-06 20:17:21,3
408,جلاد,glad,2026-05-06-69fb77c66f6c7.webp,1,2026-05-06 20:17:58,2026-05-06 20:17:58,3
409,تيتيز,tytyz,2026-05-06-69fb77f6863b1.webp,1,2026-05-06 20:18:46,2026-05-06 20:18:46,3
410,هاربيك,harbyk,2026-05-06-69fb781d34d04.webp,1,2026-05-06 20:19:25,2026-05-06 20:19:25,3
411,وي,oy,2026-05-06-69fb7876e7eb8.webp,1,2026-05-06 20:20:55,2026-05-06 20:20:55,3
412,جلاسي,glasy,2026-05-06-69fb789415e7a.webp,1,2026-05-06 20:21:24,2026-05-06 20:21:24,3
413,سيف,syf,2026-05-06-69fb78c825afc.webp,1,2026-05-06 20:22:16,2026-05-06 20:22:16,3
414,سيجمنت,sygmnt,2026-05-06-69fb78fda050e.webp,1,2026-05-06 20:23:10,2026-05-06 20:23:10,3
415,كوفي جوي,kofy-goy,2026-05-06-69fb986048ec5.webp,1,2026-05-06 22:37:04,2026-05-06 22:37:04,3
416,ويفر,oyfr,2026-05-06-69fb99cfe6b27.webp,1,2026-05-06 22:43:12,2026-05-06 22:43:12,3
417,مليز,mlyz,2026-05-06-69fb9fc8b2a10.webp,1,2026-05-06 23:08:41,2026-05-06 23:08:41,3
418,فيجيتا,fygyta,2026-05-06-69fba1a313d59.webp,1,2026-05-06 23:16:35,2026-05-06 23:16:35,3
419,خير العطاريين,khyr-alaataryyn,2026-05-06-69fba303269d3.webp,1,2026-05-06 23:22:27,2026-05-06 23:22:27,3
420,خيرات الشام,khyrat-alsham,2026-05-06-69fba4aa3da59.webp,1,2026-05-06 23:29:30,2026-05-06 23:29:30,3
421,القصيم,alksym,2026-05-06-69fba65228608.webp,1,2026-05-06 23:36:34,2026-05-06 23:36:34,3
422,كرسبي,krsby,2026-05-06-69fba75dba631.webp,1,2026-05-06 23:41:02,2026-05-06 23:41:02,3
423,ازكا,azka,2026-05-06-69fba92d7eda6.webp,1,2026-05-06 23:48:45,2026-05-06 23:48:45,3
424,ريتش بيك,rytsh-byk,2026-05-07-69fbac2f86908.webp,1,2026-05-07 00:01:35,2026-05-07 00:01:35,3
425,ديلاسني,dylasny,2026-05-07-69fbaddd7a045.webp,1,2026-05-07 00:08:45,2026-05-07 00:08:45,3
426,كاي,kay,2026-05-07-69fbaf4a1faad.webp,1,2026-05-07 00:14:50,2026-05-07 00:14:50,3
427,لينو,lyno,2026-05-07-69fbcb96bf127.webp,1,2026-05-07 02:15:35,2026-05-07 02:15:35,3
428,ريري,ryry,2026-05-07-69fbccb646934.webp,1,2026-05-07 02:20:22,2026-05-07 02:20:22,3
429,بيبيلاك,bybylak,2026-05-07-69fbcddfe8ec9.webp,1,2026-05-07 02:25:20,2026-05-07 02:25:20,3
430,دكتور,dktor,2026-05-07-69fbcf3e4366a.webp,1,2026-05-07 02:31:10,2026-05-07 02:31:10,3
431,مروج,mrog,2026-05-07-69fbd07fdd3d9.webp,1,2026-05-07 02:36:32,2026-05-07 02:36:32,3
432,فريدا,fryda,2026-05-07-69fbd2a818be9.webp,1,2026-05-07 02:45:44,2026-05-07 02:45:44,3
433,لاستر,lastr,2026-05-07-69fc69c22f560.webp,1,2026-05-07 13:30:26,2026-05-07 13:30:26,3
434,كلوركس,klorks,2026-05-07-69fc6be7aa1d7.webp,1,2026-05-07 13:39:35,2026-05-07 13:39:35,3
435,ويندكس,oyndks,2026-05-07-69fc6cf5b58ea.webp,1,2026-05-07 13:44:06,2026-05-07 13:44:06,3
436,باركيتو,barkyto,2026-05-07-69fc6dc7a4ba8.webp,1,2026-05-07 13:47:35,2026-05-07 13:47:35,3
437,ديفا تول,dyfa-tol,2026-05-07-69fc7149c4b3c.webp,1,2026-05-07 14:02:34,2026-05-07 14:02:34,3
438,دايفرسي,dayfrsy,2026-05-07-69fc741257e15.webp,1,2026-05-07 14:14:26,2026-05-07 14:14:26,3
439,هوي,hoy,2026-05-07-69fc7724045d0.webp,1,2026-05-07 14:27:32,2026-05-07 14:27:32,3
440,سجيمنت,sgymnt,2026-05-07-69fc7894e6367.webp,1,2026-05-07 14:33:41,2026-05-07 14:33:41,3
441,لوبريكس,lobryks,2026-05-07-69fc79d8480f5.webp,1,2026-05-07 14:39:04,2026-05-07 14:39:04,3
442,ليتشي,lytshy,2026-05-07-69fc7d1a8b143.webp,1,2026-05-07 14:52:58,2026-05-07 14:52:58,3
443,فاست,fast,2026-05-07-69fc7dd1887ea.webp,1,2026-05-07 14:56:01,2026-05-07 14:56:01,3
444,ذا بينك ستاف,tha-bynk-staf,2026-05-07-69fc7ea57c4cc.webp,1,2026-05-07 14:59:33,2026-05-07 14:59:33,3
445,ديوكس,dyoks,2026-05-07-69fc802ab9561.webp,1,2026-05-07 15:06:03,2026-05-07 15:06:03,3
446,كووول,koool,2026-05-07-69fc812f32926.webp,1,2026-05-07 15:10:23,2026-05-07 15:10:23,3
447,سوبر مام,sobr-mam,2026-05-07-69fc8224c5470.webp,1,2026-05-07 15:14:29,2026-05-07 15:14:29,3
